{"mass_tone_weight_combination": [[0.03999999999999998, -0.3, 0.0], [0.13999999999999999, -0.3, 0.0], [0.24, -0.3, 0.0], [0.33999999999999997, -0.3, 0.0], [0.44, -0.3, 0.0], [0.03999999999999998, -0.15, 0.0], [0.13999999999999999, -0.15, 0.5], [0.24, -0.15, 0.5], [0.33999999999999997, -0.15, 0.5], [0.44, -0.15, 0.0], [0.03999999999999998, 0.0, 0.0], [0.13999999999999999, 0.0, 0.5], [0.24, 0.0, 1.0], [0.33999999999999997, 0.0, 0.5], [0.44, 0.0, 0.0], [0.03999999999999998, 0.15, 0.0], [0.13999999999999999, 0.15, 0.5], [0.24, 0.15, 0.5], [0.33999999999999997, 0.15, 0.5], [0.44, 0.15, 0.0], [0.03999999999999998, 0.3, 0.0], [0.13999999999999999, 0.3, 0.0], [0.24, 0.3, 0.0], [0.33999999999999997, 0.3, 0.0], [0.44, 0.3, 0.0]], "initial_mass": 0.24, "initial_tone": 0.0}