{"mass_tone_weight_combination": [[-0.13, -0.02, 0], [-0.13, 0.13, 0], [-0.13, 0.27999999999999997, 0], [0.07, -0.02, 1], [0.07, 0.13, 0], [0.07, 0.27999999999999997, 0], [0.27, -0.02, 0], [0.27, 0.13, 0], [0.27, 0.27999999999999997, 0]], "initial_mass": 0.07, "initial_tone": -0.02}