{"mass_tone_weight_combination": [[0.39999999999999997, -0.3, 0.0], [0.5, -0.3, 0.0], [0.6, -0.3, 0.0], [0.7, -0.3, 0.0], [0.8, -0.3, 0.0], [0.39999999999999997, -0.15, 0.0], [0.5, -0.15, 0.5], [0.6, -0.15, 0.5], [0.7, -0.15, 0.5], [0.8, -0.15, 0.0], [0.39999999999999997, 0.0, 0.0], [0.5, 0.0, 0.5], [0.6, 0.0, 1.0], [0.7, 0.0, 0.5], [0.8, 0.0, 0.0], [0.39999999999999997, 0.15, 0.0], [0.5, 0.15, 0.5], [0.6, 0.15, 0.5], [0.7, 0.15, 0.5], [0.8, 0.15, 0.0], [0.39999999999999997, 0.3, 0.0], [0.5, 0.3, 0.0], [0.6, 0.3, 0.0], [0.7, 0.3, 0.0], [0.8, 0.3, 0.0]], "initial_mass": 0.6, "initial_tone": 0.0}