{"mass_tone_weight_combination": [[-0.13, -0.32, 0.0], [-0.03, -0.32, 0.0], [0.07, -0.32, 0.0], [0.17, -0.32, 0.0], [0.27, -0.32, 0.0], [-0.13, -0.16999999999999998, 0.0], [-0.03, -0.16999999999999998, 0.5], [0.07, -0.16999999999999998, 0.5], [0.17, -0.16999999999999998, 0.5], [0.27, -0.16999999999999998, 0.0], [-0.13, -0.02, 0.0], [-0.03, -0.02, 0.5], [0.07, -0.02, 1.0], [0.17, -0.02, 0.5], [0.27, -0.02, 0.0], [-0.13, 0.13, 0.0], [-0.03, 0.13, 0.5], [0.07, 0.13, 0.5], [0.17, 0.13, 0.5], [0.27, 0.13, 0.0], [-0.13, 0.27999999999999997, 0.0], [-0.03, 0.27999999999999997, 0.0], [0.07, 0.27999999999999997, 0.0], [0.17, 0.27999999999999997, 0.0], [0.27, 0.27999999999999997, 0.0]], "initial_mass": 0.07, "initial_tone": -0.02}