{"mass_tone_weight_combination": [[0.03999999999999998, 0.24, 0], [0.03999999999999998, 0.39, 0], [0.03999999999999998, 0.54, 0], [0.24, 0.24, 1], [0.24, 0.39, 0], [0.24, 0.54, 0], [0.44, 0.24, 0], [0.44, 0.39, 0], [0.44, 0.54, 0]], "initial_mass": 0.24, "initial_tone": 0.24}