{"mass_tone_weight_combination": [[-0.38, -0.27, 0.0], [-0.28, -0.27, 0.0], [-0.18, -0.27, 0.0], [-0.07999999999999999, -0.27, 0.0], [0.020000000000000018, -0.27, 0.0], [-0.38, -0.12, 0.0], [-0.28, -0.12, 0.5], [-0.18, -0.12, 0.5], [-0.07999999999999999, -0.12, 0.5], [0.020000000000000018, -0.12, 0.0], [-0.38, 0.03, 0.0], [-0.28, 0.03, 0.5], [-0.18, 0.03, 1.0], [-0.07999999999999999, 0.03, 0.5], [0.020000000000000018, 0.03, 0.0], [-0.38, 0.18, 0.0], [-0.28, 0.18, 0.5], [-0.18, 0.18, 0.5], [-0.07999999999999999, 0.18, 0.5], [0.020000000000000018, 0.18, 0.0], [-0.38, 0.32999999999999996, 0.0], [-0.28, 0.32999999999999996, 0.0], [-0.18, 0.32999999999999996, 0.0], [-0.07999999999999999, 0.32999999999999996, 0.0], [0.020000000000000018, 0.32999999999999996, 0.0]], "initial_mass": -0.18, "initial_tone": 0.03}