{"mass_tone_weight_combination": [[0.0, -0.3, 0.0], [0.1, -0.3, 0.0], [0.2, -0.3, 0.0], [0.30000000000000004, -0.3, 0.0], [0.4, -0.3, 0.0], [0.0, -0.15, 0.0], [0.1, -0.15, 0.5], [0.2, -0.15, 0.5], [0.30000000000000004, -0.15, 0.5], [0.4, -0.15, 0.0], [0.0, 0.0, 0.0], [0.1, 0.0, 0.5], [0.2, 0.0, 1.0], [0.30000000000000004, 0.0, 0.5], [0.4, 0.0, 0.0], [0.0, 0.15, 0.0], [0.1, 0.15, 0.5], [0.2, 0.15, 0.5], [0.30000000000000004, 0.15, 0.5], [0.4, 0.15, 0.0], [0.0, 0.3, 0.0], [0.1, 0.3, 0.0], [0.2, 0.3, 0.0], [0.30000000000000004, 0.3, 0.0], [0.4, 0.3, 0.0]], "initial_mass": 0.2, "initial_tone": 0.0}