{"mass_tone_weight_combination": [[0.8, 0.19, 0], [0.8, 0.33999999999999997, 0], [0.8, 0.49, 0], [1.0, 0.19, 1], [1.0, 0.33999999999999997, 0], [1.0, 0.49, 0], [1.2, 0.19, 0], [1.2, 0.33999999999999997, 0], [1.2, 0.49, 0]], "initial_mass": 1.0, "initial_tone": 0.19}