{"mass_tone_weight_combination": [[-0.2, -0.69, 0.0], [-0.1, -0.69, 0.0], [0.0, -0.69, 0.0], [0.1, -0.69, 0.0], [0.2, -0.69, 0.0], [-0.2, -0.54, 0.0], [-0.1, -0.54, 0.5], [0.0, -0.54, 0.5], [0.1, -0.54, 0.5], [0.2, -0.54, 0.0], [-0.2, -0.39, 0.0], [-0.1, -0.39, 0.5], [0.0, -0.39, 1.0], [0.1, -0.39, 0.5], [0.2, -0.39, 0.0], [-0.2, -0.24000000000000002, 0.0], [-0.1, -0.24000000000000002, 0.5], [0.0, -0.24000000000000002, 0.5], [0.1, -0.24000000000000002, 0.5], [0.2, -0.24000000000000002, 0.0], [-0.2, -0.09000000000000002, 0.0], [-0.1, -0.09000000000000002, 0.0], [0.0, -0.09000000000000002, 0.0], [0.1, -0.09000000000000002, 0.0], [0.2, -0.09000000000000002, 0.0]], "initial_mass": 0.0, "initial_tone": -0.39}